date,5. adjusted close,F
2010-11-18,28.1855,11.7968
2010-11-19,28.2432,11.9139
2010-11-22,28.0948,11.8553
2010-11-23,27.4106,11.4894
2010-11-24,27.6002,11.6724
2010-11-26,27.864,11.7822
2010-11-29,27.864,11.7529
2010-11-30,28.1938,11.6651
2010-12-01,28.6719,12.0456
2010-12-02,28.5895,12.2798
2010-12-03,28.4823,12.2944
2010-12-06,28.4246,12.1847
2010-12-07,28.5895,12.1188
2010-12-08,28.3999,12.2139
2010-12-09,27.8146,12.2652
2010-12-10,27.8723,12.2432
2010-12-13,27.864,12.0529
2010-12-14,27.9382,12.0163
2010-12-15,27.7074,12.1115
2010-12-16,27.7074,12.2725
2010-12-17,28.0289,12.2944
2010-12-20,27.831,12.331
2010-12-21,27.9052,12.4335
2010-12-22,28.7873,12.4335
2010-12-23,28.6966,12.2798
2010-12-27,28.5235,12.3457
2010-12-28,29.1171,12.2432
2010-12-29,29.6941,12.2505
2010-12-30,30.3536,12.2139
2010-12-31,30.3866,12.2871
2011-01-03,30.5515,12.6237
2011-01-04,31.244,12.7189
2011-01-05,31.3841,13.0921
2011-01-06,32.0684,13.3336
2011-01-07,32.1343,13.3702
2011-01-10,31.7881,13.3995
2011-01-11,31.9447,13.3775
2011-01-12,31.8375,13.6922
2011-01-13,31.549,13.6702
2011-01-14,31.4913,13.6483
2011-01-18,31.3511,13.6849
2011-01-19,30.8318,13.0994
2011-01-20,30.6504,13.0116
2011-01-21,30.6999,13.136
2011-01-24,31.0296,13.1214
2011-01-25,31.6562,13.0921
2011-01-26,31.2357,13.4434
2011-01-27,31.8787,13.7507
2011-01-28,30.1723,11.9066
2011-01-31,30.0816,11.6724
2011-02-01,30.0486,11.6285
2011-02-02,29.4138,11.2699
2011-02-03,29.7271,11.5333
2011-02-04,30.164,11.5041
2011-02-07,30.2547,11.7895
2011-02-08,30.4113,11.8846
2011-02-09,30.0156,11.7748
2011-02-10,29.5787,11.6724
2011-02-11,30.0486,11.9871
2011-02-14,29.9167,11.7748
2011-02-15,29.7683,11.7822
2011-02-16,30.2959,11.7456
2011-02-17,29.9827,11.687
2011-02-18,30.0981,11.5407
2011-02-22,29.488,11.1455
2011-02-23,28.5153,10.8747
2011-02-24,27.221,10.7576
2011-02-25,27.4106,11.0284
2011-02-28,27.6414,11.0138
2011-03-01,27.1633,10.7284
2011-03-02,27.1056,10.7284
2011-03-03,27.2292,10.8015
2011-03-04,26.7016,10.5527
2011-03-07,26.1328,10.2527
2011-03-08,26.9737,10.5893
2011-03-09,26.5862,10.4576
2011-03-10,25.902,10.2893
2011-03-11,26.3224,10.5088
2011-03-14,26.0421,10.4649
2011-03-15,26.6687,10.7357
2011-03-16,26.1988,10.3771
2011-03-17,25.9185,10.4356
2011-03-18,26.2565,10.6039
2011-03-21,25.7866,10.6771
2011-03-22,25.3414,10.4942
2011-03-23,25.6877,10.4722
2011-03-24,25.8773,11.0064
2011-03-25,25.9432,10.9845
2011-03-28,25.4321,10.8747
2011-03-29,25.6382,10.8601
2011-03-30,26.0092,10.8747
2011-03-31,25.5805,10.9113
2011-04-01,26.7181,11.0943
2011-04-04,26.7016,11.3797
2011-04-05,27.0973,11.5553
2011-04-06,27.0973,11.5114
2011-04-07,26.6357,11.365
2011-04-08,25.9844,11.2187
2011-04-11,25.3661,10.8747
2011-04-12,25.6794,10.9113
2011-04-13,25.4403,10.9625
2011-04-14,25.2095,10.8381
2011-04-15,24.9292,10.7649
2011-04-18,24.7066,10.6991
2011-04-19,24.3934,10.7284
2011-04-20,24.6737,11.043
2011-04-21,25.5145,11.2919
2011-04-25,25.6712,11.3723
2011-04-26,25.7783,11.4602
2011-04-27,26.1988,11.4016
2011-04-28,26.3059,11.3431
2011-04-29,26.4543,11.3211
2011-05-02,26.5285,11.3065
2011-05-03,27.1963,11.2553
2011-05-04,27.2375,11.0869
2011-05-05,26.3966,11.0357
2011-05-06,26.3059,11.0577
2011-05-09,25.8773,11.0357
2011-05-10,26.0586,11.0869
2011-05-11,25.8031,11.0869
2011-05-12,25.902,11.1674
2011-05-13,25.6135,11.0357
2011-05-16,25.6382,11.0723
2011-05-17,25.6382,10.9552
2011-05-18,25.9844,11.065
2011-05-19,25.9432,11.065
2011-05-20,25.7041,10.9772
2011-05-23,25.5228,10.8308
2011-05-24,25.4156,10.7284
2011-05-25,25.7783,10.6698
2011-05-26,25.292,10.6552
2011-05-27,25.7866,10.6844
2011-05-31,26.2235,10.9186
2011-06-01,24.921,10.4137
2011-06-02,24.4016,10.3771
2011-06-03,24.0059,10.2527
2011-06-06,23.5443,10.1795
2011-06-07,23.7256,10.2088
2011-06-08,23.7916,10.0258
2011-06-09,24.278,10.099
2011-06-10,23.7833,9.7697
2011-06-13,23.569,9.616
2011-06-14,23.9977,9.8282
2011-06-15,23.8658,9.6233
2011-06-16,23.569,9.3891
2011-06-17,23.907,9.3452
2011-06-20,24.3357,9.4696
2011-06-21,24.3934,9.7477
2011-06-22,24.7066,9.777
2011-06-23,24.8468,9.8575
2011-06-24,24.6654,9.6892
2011-06-27,24.9457,9.8502
2011-06-28,25.1436,9.755
2011-06-29,24.9787,9.8209
2011-06-30,25.0282,10.0917
2011-07-01,25.2095,10.26
2011-07-05,25.4403,10.3185
2011-07-06,25.7124,10.2161
2011-07-07,26.2153,10.3332
2011-07-08,26.0339,10.1575
2011-07-11,25.3497,9.7477
2011-07-12,25.292,9.6014
2011-07-13,25.3497,9.7111
2011-07-14,24.8138,9.5794
2011-07-15,24.5335,9.5794
2011-07-18,23.9894,9.4404
2011-07-19,24.179,9.5794
2011-07-20,24.1048,9.5721
2011-07-21,24.6984,9.7185
2011-07-22,24.8138,9.7404
2011-07-25,24.3192,9.638
2011-07-26,23.9812,9.4696
2011-07-27,23.198,9.0525
2011-07-28,23.1651,9.0159
2011-07-29,22.8188,8.9354
2011-08-01,23.1403,9.0379
2011-08-02,22.2995,8.672
2011-08-03,22.3984,8.5256
2011-08-04,21.4256,7.9475
2011-08-05,21.6894,7.9328
2011-08-08,20.255,7.2669
2011-08-09,21.0546,7.9841
2011-08-10,19.7191,7.6182
2011-08-11,21.2772,8.006
2011-08-12,21.2278,8.0938
2011-08-15,21.7801,8.3061
2011-08-16,21.2937,8.2109
2011-08-17,20.56,8.1304
2011-08-18,19.4553,7.5962
2011-08-19,18.2682,7.3108
2011-08-22,17.8973,7.3254
2011-08-23,18.1858,7.545
2011-08-24,18.4414,7.6474
2011-08-25,18.3837,7.523
2011-08-26,18.8536,7.6108
2011-08-29,19.612,7.9987
2011-08-30,19.4389,7.9548
2011-08-31,19.8098,8.1377
2011-09-01,18.9855,7.9402
2011-09-02,18.194,7.6255
2011-09-06,17.6747,7.4791
2011-09-07,18.8453,7.7279
2011-09-08,18.532,7.5669
2011-09-09,17.9385,7.3547
2011-09-12,18.0292,7.3986
2011-09-13,18.1363,7.4425
2011-09-14,18.2847,7.5523
2011-09-15,18.7134,7.7792
2011-09-16,18.6392,7.7718
2011-09-19,19.0019,7.7133
2011-09-20,18.4908,7.6255
2011-09-21,17.5428,7.2962
2011-09-22,16.6854,7.04
2011-09-23,17.312,7.2157
2011-09-26,17.3779,7.3767
2011-09-27,17.4686,7.4059
2011-09-28,16.8256,7.2669
2011-09-29,17.1141,7.3181
2011-09-30,16.636,7.0766
2011-10-03,16.265,6.8571
2011-10-04,17.6582,7.3767
2011-10-05,18.3589,7.7279
2011-10-06,18.4249,8.0426
2011-10-07,18.1446,7.8231
2011-10-10,18.6475,8.2036
2011-10-11,18.5485,8.2256
2011-10-12,19.2987,8.328
2011-10-13,19.0844,8.2987
2011-10-14,19.917,8.4597
2011-10-17,19.1091,8.3427
2011-10-18,19.4059,8.6207
2011-10-19,19.0349,8.4597
2011-10-20,18.9277,8.5622
2011-10-21,20.0736,8.972
2011-10-24,20.593,9.155
2011-10-25,20.4941,9.0964
2011-10-26,20.6012,8.6866
2011-10-27,21.4833,8.7598
2011-10-28,21.8048,8.7817
2011-10-31,21.3102,8.5476
2011-11-01,19.2328,8.1085
2011-11-02,19.1256,8.1597
2011-11-03,19.8098,8.2841
2011-11-04,19.4636,8.2475
2011-11-07,19.7933,8.2109
2011-11-08,20.6425,8.4963
2011-11-09,18.3919,8.0792
2011-11-10,18.7134,8.0426
2011-11-11,18.5568,8.1524
2011-11-14,18.9525,8.0646
2011-11-15,19.2493,7.9548
2011-11-16,18.6722,7.7279
2011-11-17,17.9632,7.4425
2011-11-18,17.8725,7.3913
2011-11-21,17.3532,7.3547
2011-11-22,17.0894,7.384
2011-11-23,16.6854,7.1937
2011-11-25,16.7679,7.1352
2011-11-28,17.0976,7.3181
2011-11-29,16.7431,7.3108
2011-11-30,17.551,7.7572
2011-12-01,17.279,7.7499
2011-12-02,17.5428,7.9767
2011-12-05,17.7983,8.1304
2011-12-06,17.8725,8.0865
2011-12-07,18.0869,8.1085
2011-12-08,17.2955,7.867
2011-12-09,17.4356,8.0719
2011-12-12,17.1471,7.9402
2011-12-13,16.5783,7.6694
2011-12-14,16.0507,7.4279
2011-12-15,16.57,7.5011
2011-12-16,16.6112,7.5011
2011-12-19,15.7044,7.3328
2011-12-20,16.232,7.5596
2011-12-21,16.7514,7.8011
2011-12-22,17.0646,8.006
2011-12-23,16.8998,8.0133
2011-12-27,16.5618,7.9109
2011-12-28,16.3722,7.6987
2011-12-29,16.6607,7.8157
2011-12-30,16.7102,7.8743
2012-01-03,17.3532,8.1451
2012-01-04,17.4356,8.2695
2012-01-05,18.2765,8.4817
2012-01-06,18.8948,8.5695
2012-01-09,18.8288,8.6354
2012-01-10,19.1586,8.6354
2012-01-11,20.1726,8.833
2012-01-12,20.3374,8.8842
2012-01-13,20.0242,8.811
2012-01-17,19.95,8.7927
2012-01-18,20.2055,9.0306
2012-01-19,20.4611,9.2281
2012-01-20,20.6095,9.2135
2012-01-23,20.5435,9.2647
2012-01-24,20.4364,9.3818
2012-01-25,20.5435,9.4623
2012-01-26,20.3787,9.3599
2012-01-27,20.0901,8.972
2012-01-30,19.9747,9.0308
2012-01-31,19.8016,9.1263
2012-02-01,20.0901,9.0602
2012-02-02,20.0407,9.0087
2012-02-03,21.5822,9.3982
2012-02-06,22.0109,9.5231
2012-02-07,21.6152,9.4643
2012-02-08,21.2278,9.4349
2012-02-09,21.2195,9.3247
2012-02-10,21.0217,9.141
2012-02-13,20.8898,9.2145
2012-02-14,20.9392,9.1704
2012-02-15,20.5518,9.0969
2012-02-16,22.3984,9.3615
2012-02-17,22.5385,9.3688
2012-02-21,22.3077,9.2071
2012-02-22,21.8873,9.0234
2012-02-23,22.0851,9.1116
2012-02-24,21.4916,8.9867
2012-02-27,21.8131,9.0381
2012-02-28,21.5493,9.0014
2012-02-29,21.4503,9.0969
2012-03-01,21.8213,9.3027
2012-03-02,21.8048,9.3468
2012-03-05,21.4339,9.1557
2012-03-06,20.2632,8.8838
2012-03-07,20.5106,8.9941
2012-03-08,20.9805,9.1557
2012-03-09,21.1206,9.2439
2012-03-12,20.931,9.1337
2012-03-13,21.4916,9.3321
2012-03-14,21.6977,9.4643
2012-03-15,21.4751,9.479
2012-03-16,21.0794,9.1925
2012-03-19,20.931,9.2806
2012-03-20,20.6837,9.2145
2012-03-21,20.8485,9.2365
2012-03-22,20.6507,9.0528
2012-03-23,20.7496,9.0528
2012-03-26,21.0876,9.1704
2012-03-27,20.898,9.0528
2012-03-28,20.7331,9.0528
2012-03-29,20.865,9.2218
2012-03-30,21.1453,9.2034
2012-04-02,22.0604,9.3104
2012-04-03,21.0546,9.3251
2012-04-04,20.6919,9.2255
2012-04-05,20.4528,9.1997
2012-04-09,19.95,9.0153
2012-04-10,19.546,8.698
2012-04-11,19.8098,8.7866
2012-04-12,20.0324,8.9046
2012-04-13,19.6202,8.7939
2012-04-16,19.307,8.7644
2012-04-17,19.8181,8.7866
2012-04-18,19.9088,8.698
2012-04-19,19.7933,8.6021
2012-04-20,19.4553,8.4177
2012-04-23,18.9195,8.3734
2012-04-24,18.87,8.4029
2012-04-25,19.2163,8.6538
2012-04-26,19.5543,8.7571
2012-04-27,19.3976,8.5579
2012-04-30,18.9607,8.3587
2012-05-01,19.2163,8.3216
2012-05-02,18.903,8.2253
2012-05-03,18.4414,8.0919
2012-05-04,18.4331,7.9067
2012-05-07,18.4743,7.8992
2012-05-08,18.3259,7.8622
2012-05-09,18.4991,7.9215
2012-05-10,18.4414,7.9363
2012-05-11,18.1363,7.84
2012-05-14,17.8313,7.6473
2012-05-15,17.6582,7.5213
2012-05-16,18.0621,7.5287
2012-05-17,17.8148,7.4176
2012-05-18,17.4604,7.4176
2012-05-21,17.7571,7.5584
2012-05-22,17.7242,7.551
2012-05-23,18.2435,7.714
2012-05-24,18.1693,7.8474
2012-05-25,18.4991,7.8548
2012-05-29,18.8371,8.0326
2012-05-30,18.4414,7.8992
2012-05-31,18.3012,7.8251
2012-06-01,18.1446,7.4991
2012-06-04,17.4026,7.4398
2012-06-05,17.5181,7.551
2012-06-06,17.9962,7.8326
2012-06-07,18.0127,7.8177
2012-06-08,18.1776,7.8992
2012-06-11,18.0704,7.7436
2012-06-12,18.2765,7.7807
2012-06-13,18.0292,7.6325
2012-06-14,17.9715,7.714
2012-06-15,17.922,7.6695
2012-06-18,17.6664,7.6621
2012-06-19,17.922,7.8251
2012-06-20,17.7077,7.8918
2012-06-21,17.0152,7.6103
2012-06-22,16.9822,7.551
2012-06-25,16.4134,7.4176
2012-06-26,16.3639,7.4176
2012-06-27,16.2073,7.425
2012-06-28,16.3392,7.4769
2012-06-29,16.2568,7.1064
2012-07-02,16.1331,6.9582
2012-07-03,17.0399,7.1138
2012-07-05,16.9327,7.0915
2012-07-06,16.7431,7.0397
2012-07-09,16.6689,7.0026
2012-07-10,16.3227,6.9285
2012-07-11,16.4051,6.9137
2012-07-12,15.9352,6.7655
2012-07-13,16.1743,6.8692
2012-07-16,15.9765,6.8618
2012-07-17,16.1578,6.9211
2012-07-18,16.5453,6.9507
2012-07-19,16.603,6.9285
2012-07-20,15.96,6.8248
2012-07-23,15.9105,6.7951
2012-07-24,15.6797,6.7136
2012-07-25,15.4983,6.6469
2012-07-26,15.7539,6.6395
2012-07-27,16.2155,6.6692
2012-07-30,15.96,6.7433
2012-07-31,16.2485,6.847
2012-08-01,16.2073,6.847
2012-08-02,15.7786,6.6458
2012-08-03,16.5206,6.7725
2012-08-06,16.3639,6.8172
2012-08-07,16.8338,6.9364
2012-08-08,16.8008,6.9662
2012-08-09,17.0234,6.9588
2012-08-10,16.9327,6.9662
2012-08-13,16.875,7.0035
2012-08-14,16.6607,7.0333
2012-08-15,16.603,7.0705
2012-08-16,17.584,7.145
2012-08-17,18.1446,7.1748
2012-08-20,18.0292,7.1748
2012-08-21,17.8313,7.1003
2012-08-22,17.9138,7.0705
2012-08-23,17.5923,7.0407
2012-08-24,17.4604,7.0705
2012-08-27,17.4933,6.996
2012-08-28,17.2625,6.9588
2012-08-29,17.5593,6.9439
2012-08-30,17.4026,6.9364
2012-08-31,17.6005,6.9588
2012-09-04,17.5675,7.0109
2012-09-05,17.9385,7.1301
2012-09-06,18.5073,7.3872
2012-09-07,19.2657,7.5548
2012-09-10,18.9442,7.5324
2012-09-11,18.936,7.5622
2012-09-12,19.0679,7.607
2012-09-13,19.3976,7.7038
2012-09-14,19.9005,7.8454
2012-09-17,19.6202,7.7411
2012-09-18,20.1396,7.7634
2012-09-19,20.4034,7.8901
2012-09-20,20.1313,7.7783
2012-09-21,20.4446,7.7485
2012-09-24,20.0819,7.6889
2012-09-25,19.3894,7.5175
2012-09-26,19.2822,7.4579
2012-09-27,19.1091,7.4654
2012-09-28,18.7546,7.3462
2012-10-01,19.0349,7.3983
2012-10-02,19.5213,7.294
2012-10-03,20.1066,7.4058
2012-10-04,20.3209,7.5324
2012-10-05,20.4446,7.5697
2012-10-08,20.255,7.4877
2012-10-09,20.0901,7.525
2012-10-10,19.9747,7.4356
2012-10-11,20.3292,7.5548
2012-10-12,20.1478,7.5399
2012-10-15,20.1808,7.6144
2012-10-16,20.4364,7.674
2012-10-17,20.6589,7.756
2012-10-18,21.0711,7.7709
2012-10-19,20.2715,7.5845
2012-10-22,20.2962,7.5772
2012-10-23,19.6779,7.4505
2012-10-24,19.5295,7.5772
2012-10-25,19.4801,7.7411
2012-10-26,19.1915,7.7187
2012-10-31,21.0217,8.352
2012-11-01,21.1701,8.4194
2012-11-02,21.2607,8.3595
2012-11-05,21.0794,8.4194
2012-11-06,21.5905,8.5466
2012-11-07,20.6342,8.2772
2012-11-08,20.3787,8.1574
2012-11-09,20.6425,8.1799
2012-11-12,20.8238,8.2098
2012-11-13,20.4611,8.2323
2012-11-14,19.9252,7.9853
2012-11-15,19.6862,7.9105
2012-11-16,19.6614,7.8581
2012-11-19,20.5518,8.105
2012-11-20,20.2797,8.12
2012-11-21,20.2797,8.1724
2012-11-23,20.7826,8.3071
2012-11-26,20.7991,8.3108
2012-11-27,20.6177,8.3071
2012-11-28,20.8403,8.4194
2012-11-29,21.5081,8.6289
2012-11-30,21.3349,8.569
2012-12-03,21.0299,8.5391
2012-12-04,20.9475,8.4643
2012-12-05,20.6095,8.4643
2012-12-06,20.255,8.4119
2012-12-07,20.7661,8.5915
2012-12-10,20.8403,8.584
2012-12-11,20.9805,8.599
2012-12-12,21.1288,8.584
2012-12-13,20.7084,8.4343
2012-12-14,20.288,8.3071
2012-12-17,20.4858,8.5241
2012-12-18,21.0134,8.7337
2012-12-19,22.4066,8.7786
2012-12-20,22.5385,8.8085
2012-12-21,22.522,8.8759
2012-12-24,22.8023,9.28
2012-12-26,22.7694,9.5719
2012-12-27,23.0496,9.5494
2012-12-28,22.959,9.6317
2012-12-31,23.7669,9.6916
2013-01-02,24.0142,9.8787
2013-01-03,24.583,10.0733
2013-01-04,24.616,10.1556
2013-01-07,24.4511,10.0508
2013-01-08,24.212,9.991
2013-01-09,24.7066,10.0808
2013-01-10,25.0941,10.3502
2013-01-11,25.0282,10.4774
2013-01-14,25.0034,10.4699
2013-01-15,25.226,10.7019
2013-01-16,24.1626,10.6421
2013-01-17,24.3109,10.6421
2013-01-18,24.1378,10.5597
2013-01-22,23.602,10.6046
2013-01-23,23.5525,10.3876
2013-01-24,23.7256,10.3801
2013-01-25,23.9647,10.2379
2013-01-28,23.7669,10.3876
2013-01-29,23.4536,9.9052
2013-01-30,23.0332,9.7469
2013-01-31,23.1568,9.7619
2013-02-01,23.2228,9.8147
2013-02-04,23.0496,9.7092
2013-02-05,23.569,9.9353
2013-02-06,23.5113,9.9504
2013-02-07,23.4701,9.8524
2013-02-08,23.5525,9.875
2013-02-11,23.5195,9.8826
2013-02-12,23.536,9.8599
2013-02-13,23.635,9.8298
2013-02-14,22.8765,9.8826
2013-02-15,22.8848,9.8147
2013-02-19,22.8188,9.7921
2013-02-20,22.3407,9.4981
2013-02-21,21.8543,9.3398
2013-02-22,22.3489,9.4077
2013-02-25,21.7059,9.1438
2013-02-26,22.1181,9.3021
2013-02-27,22.588,9.6187
2013-02-28,22.3819,9.5056
2013-03-01,22.4314,9.5056
2013-03-04,22.3324,9.6112
2013-03-05,22.7364,9.7016
2013-03-06,23.0084,9.7167
2013-03-07,22.9837,9.6715
2013-03-08,23.0826,9.7846
2013-03-11,23.3382,10.0559
2013-03-12,23.3876,10.0936
2013-03-13,23.1403,10.1012
2013-03-14,23.2145,10.1238
2013-03-15,23.2557,10.1389
2013-03-18,23.1156,9.9956
2013-03-19,23.1651,9.9202
2013-03-20,24.0719,10.071
2013-03-21,23.602,9.9956
2013-03-22,23.264,9.9956
2013-03-25,23.2145,10.0182
2013-03-26,23.2063,10.0333
2013-03-27,23.1321,9.9655
2013-03-28,22.9342,9.9127
2013-04-01,22.9177,9.7243
2013-04-02,23.0249,9.8072
2013-04-03,22.9177,9.5584
2013-04-04,22.8683,9.5358
2013-04-05,22.6869,9.3775
2013-04-08,22.7446,9.6338
2013-04-09,22.6952,9.6489
2013-04-10,23.3876,9.8901
2013-04-11,24.5005,10.2142
2013-04-12,24.4181,10.1992
2013-04-15,23.8328,9.7619
2013-04-16,24.2945,9.8901
2013-04-17,24.1296,9.7431
2013-04-18,23.8905,9.6112
2013-04-19,24.0307,9.7469
2013-04-22,24.1131,9.8449
2013-04-23,24.6077,10.071
2013-04-24,25.1023,10.0484
2013-04-25,25.3167,10.1539
2013-04-26,25.1436,10.3047
2013-04-29,25.3826,10.2972
2013-04-30,25.4239,10.3348
2013-05-01,24.8798,10.1615
2013-05-02,25.6877,10.1843
2013-05-03,26.4626,10.5032
2013-05-06,26.2317,10.7007
2013-05-07,26.0916,10.7766
2013-05-08,26.4461,10.7918
2013-05-09,26.0916,10.7842
2013-05-10,25.902,10.7159
2013-05-13,25.5558,10.6399
2013-05-14,26.0092,10.8374
2013-05-15,26.6357,11.1412
2013-05-16,26.7016,11.1184
2013-05-17,27.5508,11.4525
2013-05-20,27.7816,11.4298
2013-05-21,27.5343,11.3538
2013-05-22,27.3941,11.369
2013-05-23,27.0809,11.2475
2013-05-24,27.0973,11.2323
2013-05-28,27.9959,11.6044
2013-05-29,28.0701,11.8702
2013-05-30,28.5565,12.0753
2013-05-31,27.9382,11.9082
2013-06-03,28.3751,12.0677
2013-06-04,28.8203,11.9842
2013-06-05,28.0454,11.5816
2013-06-06,28.3916,11.7259
2013-06-07,28.878,11.9462
2013-06-10,28.6389,11.931
2013-06-11,27.9712,11.7791
2013-06-12,27.5755,11.6728
2013-06-13,28.4411,11.8323
2013-06-14,28.268,11.6728
2013-06-17,27.8063,11.8095
2013-06-18,28.0371,11.8854
2013-06-19,27.7486,11.6348
2013-06-20,26.8418,11.2551
2013-06-21,26.5533,11.3918
2013-06-24,25.902,11.1412
2013-06-25,26.2317,11.369
2013-06-26,26.8335,11.612
2013-06-27,27.287,11.8854
2013-06-28,27.4601,11.7487
2013-07-01,28.0289,11.9538
2013-07-02,28.1113,12.2879
2013-07-03,28.1443,12.4778
2013-07-05,28.5812,12.6829
2013-07-08,28.5565,12.7664
2013-07-09,28.7873,12.7892
2013-07-10,29.1253,12.698
2013-07-11,29.7931,12.8955
2013-07-12,30.0074,12.9942
2013-07-15,30.0898,13.0018
2013-07-16,29.826,12.6069
2013-07-17,29.9744,12.7436
2013-07-18,30.3701,12.8575
2013-07-19,30.1805,12.7284
2013-07-22,30.3042,12.9411
2013-07-23,30.1805,12.8651
2013-07-24,30.6174,13.1917
2013-07-25,30.568,12.8803
2013-07-26,30.23,12.9259
2013-07-29,29.9909,12.9714
2013-07-30,30.0898,12.9714
2013-07-31,29.5705,12.8955
2013-08-01,30.0651,13.1323
2013-08-02,30.4608,13.3691
2013-08-05,30.2959,13.1323
2013-08-06,29.6447,13.0101
2013-08-07,29.249,12.8115
2013-08-08,29.6859,12.9719
2013-08-09,29.6941,13.0025
2013-08-12,29.6612,13.0406
2013-08-13,29.5457,13.033
2013-08-14,29.3232,12.9031
2013-08-15,28.4823,12.5517
2013-08-16,28.3422,12.4524
2013-08-19,28.4328,12.3149
2013-08-20,28.6802,12.46
2013-08-21,28.4658,12.4142
2013-08-22,28.845,12.5364
2013-08-23,28.9027,12.567
2013-08-26,28.7873,12.5364
2013-08-27,27.7733,12.1315
2013-08-28,27.9629,12.2385
2013-08-29,28.3999,12.6052
2013-08-30,28.0948,12.3684
2013-09-03,28.1443,12.483
2013-09-04,29.554,12.9184
2013-09-05,29.9497,13.2164
2013-09-06,29.8013,12.9872
2013-09-09,30.0734,13.224
2013-09-10,30.502,13.4073
2013-09-11,29.9662,13.3997
2013-09-12,29.9827,13.2851
2013-09-13,29.7271,13.2546
2013-09-16,29.859,13.2546
2013-09-17,30.263,13.3233
2013-09-18,30.9802,13.4646
2013-09-19,30.6916,13.4914
2013-09-20,30.3619,13.2851
2013-09-23,30.6092,13.14
2013-09-24,30.8648,13.1858
2013-09-25,30.6504,13.1323
2013-09-26,30.4608,13.1934
2013-09-27,29.9827,13.0254
2013-09-30,29.6529,12.8879
2013-10-01,29.6035,13.1323
2013-10-02,29.6282,13.1476
2013-10-03,29.0923,12.949
2013-10-04,29.4303,13.0559
2013-10-07,29.0017,12.842
2013-10-08,28.202,12.6052
2013-10-09,28.1608,12.6969
2013-10-10,28.7296,12.9337
2013-10-11,29.1418,13.0712
2013-10-14,29.1253,13.1247
2013-10-15,28.606,12.9643
2013-10-16,28.9604,13.2087
2013-10-17,29.3974,13.3386
2013-10-18,29.587,13.3921
2013-10-21,29.2655,13.3691
2013-10-22,29.1913,13.4455
2013-10-23,28.8945,13.3844
2013-10-24,29.3726,13.5678
2013-10-25,29.3397,13.4455
2013-10-28,29.5128,13.4226
2013-10-29,29.7271,13.4532
2013-10-30,30.6916,13.3233
2013-10-31,30.4608,13.1466
2013-11-01,30.8235,12.9775
2013-11-04,30.8895,13.0621
2013-11-05,30.5762,13.1312
2013-11-06,30.164,12.9929
2013-11-07,29.6117,12.7163
2013-11-08,30.2217,12.9468
2013-11-11,30.2382,12.9775
2013-11-12,30.2217,12.8469
2013-11-13,31.6891,13.1389
2013-11-14,31.7386,13.1312
2013-11-15,31.9612,13.1159
2013-11-18,31.7963,13.0467
2013-11-19,31.3347,12.9622
2013-11-20,31.0709,13.0006
2013-11-21,31.4253,13.1312
2013-11-22,31.0214,13.0698
2013-11-25,30.9554,13.016
2013-11-26,31.0544,12.9622
2013-11-27,32.0271,13.0851
2013-11-29,31.9282,13.1235
2013-12-02,32.2415,13.1082
2013-12-03,31.4418,12.724
2013-12-04,31.9117,12.7701
2013-12-05,32.225,12.8623
2013-12-06,33.1153,12.8316
2013-12-09,33.7171,12.724
2013-12-10,33.3049,12.7009
2013-12-11,33.1071,12.6087
2013-12-12,33.0164,12.5934
2013-12-13,33.0081,12.747
2013-12-16,34.1623,12.9545
2013-12-17,34.2365,12.8316
2013-12-18,34.0221,12.0248
2013-12-19,33.2225,11.7559
2013-12-20,33.7913,11.8481
2013-12-23,34.0386,11.6406
2013-12-24,33.7006,11.6713
2013-12-26,34.2282,11.7789
2013-12-27,33.7501,11.7559
2013-12-30,33.544,11.7405
2013-12-31,33.6924,11.8557
2014-01-02,33.7583,11.8634
2014-01-03,32.6207,11.9172
2014-01-06,33.3049,11.971
2014-01-07,33.14,11.8173
2014-01-08,33.3214,11.9403
2014-01-09,33.3791,12.1708
2014-01-10,32.9999,12.3475
2014-01-13,32.6289,12.3782
2014-01-14,32.9917,12.6011
2014-01-15,32.4641,12.8316
2014-01-16,32.1508,12.8546
2014-01-17,31.821,12.6933
2014-01-21,31.6067,12.6087
2014-01-22,31.9859,12.7163
2014-01-23,31.6726,12.6241
2014-01-24,30.3619,12.1631
2014-01-27,30.3042,12.0709
2014-01-28,30.3454,12.0786
2014-01-29,29.9662,11.8212
2014-01-30,30.3701,11.8134
2014-01-31,29.7436,11.5888
2014-02-03,29.0594,11.2712
2014-02-04,29.5293,11.5191
2014-02-05,29.0511,11.4106
2014-02-06,29.0429,11.5036
2014-02-07,29.7683,11.5965
2014-02-10,28.7708,11.4958
2014-02-11,29.0594,11.5888
2014-02-12,29.3149,11.6198
2014-02-13,29.0181,11.6817
2014-02-14,29.6364,11.8057
2014-02-18,29.9332,11.9219
2014-02-19,29.7024,11.8134
2014-02-20,30.0981,11.8289
2014-02-21,30.2465,11.7437
2014-02-24,30.1311,11.7592
2014-02-25,29.7601,11.736
2014-02-26,30.3619,11.8212
2014-02-27,30.3124,11.9219
2014-02-28,29.8425,11.9219
2014-03-03,29.8508,11.7747
2014-03-04,30.4443,11.9064
2014-03-05,30.9307,12.1078
2014-03-06,30.9472,12.1388
2014-03-07,31.0709,12.1
2014-03-10,30.5762,12.0148
2014-03-11,29.0017,11.8522
2014-03-12,28.7379,11.9296
2014-03-13,28.1031,11.7592
2014-03-14,28.3504,11.6817
2014-03-17,28.7995,11.8367
2014-03-18,29.2486,11.9993
2014-03-19,29.0323,11.9916
2014-03-20,29.3234,12.0458
2014-03-21,29.1155,11.9838
2014-03-24,29.2236,11.9219
2014-03-25,28.6997,11.8754
2014-03-26,28.4585,11.8134
2014-03-27,28.6997,11.8134
2014-03-28,28.8826,11.9684
2014-03-31,28.6248,12.0846
2014-04-01,28.5583,12.6423
2014-04-02,29.0074,12.7508
2014-04-03,29.4731,12.6965
2014-04-04,28.9492,12.4951
2014-04-07,28.367,12.3479
2014-04-08,28.7163,12.4719
2014-04-09,27.9595,12.2705
2014-04-10,27.6934,12.1078
2014-04-11,26.5541,12.1078
2014-04-14,27.0697,12.162
2014-04-15,27.7433,12.2705
2014-04-16,28.2506,12.4486
2014-04-17,28.2589,12.3944
2014-04-21,28.2589,12.3789
2014-04-22,28.4668,12.4719
2014-04-23,28.5999,12.5726
2014-04-24,28.4169,12.6423
2014-04-25,28.0427,12.224
2014-04-28,28.076,12.3712
2014-04-29,28.2672,12.4874
2014-04-30,28.6747,12.6074
2014-05-01,29.024,12.4201
2014-05-02,29.0822,12.4123
2014-05-05,28.8993,12.2874
2014-05-06,28.8993,12.1469
2014-05-07,29.1654,12.0688
2014-05-08,28.9824,12.342
2014-05-09,28.4668,12.3108
2014-05-12,28.9575,12.3654
2014-05-13,29.2319,12.3811
2014-05-14,29.0573,12.2952
2014-05-15,28.5749,12.2483
2014-05-16,28.2756,12.303
2014-05-19,27.1778,12.4279
2014-05-20,27.5021,12.3108
2014-05-21,27.8265,12.4201
2014-05-22,27.7932,12.4201
2014-05-23,27.9678,12.506
2014-05-27,28.2257,12.6152
2014-05-28,28.7662,12.7323
2014-05-29,28.6498,12.9119
2014-05-30,28.7579,12.8338
2014-06-02,28.9908,12.8338
2014-06-03,29.3234,12.9197
2014-06-04,30.3713,13.1071
2014-06-05,30.1634,13.0212
2014-06-06,30.6457,13.3334
2014-06-09,30.6038,13.271
2014-06-10,30.5199,13.2788
2014-06-11,30.2852,13.1929
2014-06-12,29.7821,12.8963
2014-06-13,29.8743,12.9275
2014-06-16,30.2349,12.9822
2014-06-17,30.4864,13.1071
2014-06-18,30.4361,13.1383
2014-06-19,30.4948,13.0993
2014-06-20,30.369,13.0134
2014-06-23,30.7463,13.1773
2014-06-24,30.6709,13.2476
2014-06-25,31.0985,13.4271
2014-06-26,30.9392,13.4271
2014-06-27,30.7044,13.4896
2014-06-30,30.4361,13.4583
2014-07-01,31.5177,13.4349
2014-07-02,31.6435,13.4427
2014-07-03,31.6435,13.5208
2014-07-07,31.3919,13.5208
2014-07-08,31.5093,13.3569
2014-07-09,31.8363,13.6067
2014-07-10,31.6519,13.5052
2014-07-11,31.8196,13.6379
2014-07-14,31.6099,13.7003
2014-07-15,31.5093,13.6925
2014-07-16,31.4255,13.8955
2014-07-17,31.1069,13.8487
2014-07-18,31.3668,13.8331
2014-07-21,31.3836,13.8174
2014-07-22,31.6602,13.9111
2014-07-23,31.3668,13.8799
2014-07-24,29.9666,13.9267
2014-07-25,29.4048,13.755
2014-07-28,29.2623,13.7706
2014-07-29,28.8849,13.716
2014-07-30,28.7676,13.7277
2014-07-31,28.3567,13.3817
2014-08-01,28.0381,13.2166
2014-08-04,28.1806,13.3817
2014-08-05,27.971,13.2638
2014-08-06,28.0046,13.3503
2014-08-07,27.7614,13.2245
2014-08-08,28.1136,13.4368
2014-08-11,28.3399,13.4997
2014-08-12,28.2561,13.5311
2014-08-13,28.4657,13.6962
2014-08-14,28.4657,13.7041
2014-08-15,28.3735,13.6097
2014-08-18,28.843,13.7041
2014-08-19,28.9856,13.649
2014-08-20,28.952,13.6884
2014-08-21,29.0107,13.6805
2014-08-22,28.7089,13.4997
2014-08-25,29.0694,13.5468
2014-08-26,29.2203,13.5154
2014-08-27,29.1029,13.649
2014-08-28,29.0778,13.6962
2014-08-29,29.1784,13.6884
2014-09-02,29.1784,13.8377
2014-09-03,28.9017,13.7355
2014-09-04,29.0359,13.5783
2014-09-05,28.9939,13.4761
2014-09-08,28.1219,13.2088
2014-09-09,27.9781,13.0751
2014-09-10,28.1642,13.0751
2014-09-11,28.435,13.0987
2014-09-12,28.1473,13.0436
2014-09-15,28.4519,12.9493
2014-09-16,28.5196,12.9886
2014-09-17,28.638,12.9965
2014-09-18,28.7903,13.0358
2014-09-19,28.7142,13.0908
2014-09-22,28.2912,12.8628
2014-09-23,28.105,12.7134
2014-09-24,28.4688,12.9021
2014-09-25,27.8089,12.737
2014-09-26,28.0627,12.8392
2014-09-29,27.259,11.88
2014-09-30,27.0221,11.6284
2014-10-01,27.4874,11.4712
2014-10-02,28.0712,11.4476
2014-10-03,28.5619,11.4712
2014-10-06,28.5534,11.4161
2014-10-07,26.8783,11.0859
2014-10-08,27.2252,11.1724
2014-10-09,26.2522,10.8815
2014-10-10,25.6262,10.8422
2014-10-13,25.2032,10.6456
2014-10-14,25.4739,10.8343
2014-10-15,25.1185,10.7085
2014-10-16,25.3301,10.9916
2014-10-17,25.5839,11.023
2014-10-20,25.6685,11.141
2014-10-21,26.0915,11.2117
2014-10-22,26.4891,11.1095
2014-10-23,26.1676,11.3218
2014-10-24,25.4147,10.8343
2014-10-27,25.4485,10.8658
2014-10-28,26.3707,11.1331
2014-10-29,25.99,11.0348
2014-10-30,26.5822,11.0665
2014-10-31,26.5653,11.1776
2014-11-03,26.3791,11.0983
2014-11-04,26.0746,11.0665
2014-11-05,25.9984,11.0586
2014-11-06,26.5399,11.2569
2014-11-07,26.726,11.2411
2014-11-10,26.3284,11.1062
2014-11-11,26.523,11.3997
2014-11-12,26.5822,11.5663
2014-11-13,26.7768,11.844
2014-11-14,26.8952,12.0106
2014-11-17,27.3351,12.3279
2014-11-18,27.3013,12.2962
2014-11-19,27.1998,12.2486
2014-11-20,27.1829,12.2644
2014-11-21,27.1829,12.2406
2014-11-24,27.2336,12.431
2014-11-25,27.2675,12.439
2014-11-26,27.1321,12.3834
2014-11-28,28.2827,12.4786
2014-12-01,27.8681,12.5104
2014-12-02,28.1389,12.6135
2014-12-03,28.4604,12.7007
2014-12-04,27.995,12.5421
2014-12-05,28.7057,12.4548
2014-12-08,27.902,12.2406
2014-12-09,28.013,12.2406
2014-12-10,27.2958,12.0264
2014-12-11,27.4836,12.1216
2014-12-12,26.9543,11.8916
2014-12-15,26.4676,11.3283
2014-12-16,26.2371,11.1776
2014-12-17,26.5957,11.4632
2014-12-18,27.1079,11.7488
2014-12-19,28.013,11.9233
2014-12-22,28.3716,12.074
2014-12-23,28.6533,12.1613
2014-12-24,28.5423,12.1375
2014-12-26,28.7985,12.2565
2014-12-29,29.5413,12.312
2014-12-30,29.9596,12.2962
2014-12-31,29.8059,12.2962
2015-01-02,29.7462,12.1851
2015-01-05,29.3107,11.7091
2015-01-06,29.7547,11.5981
2015-01-07,30.6,11.9312
2015-01-08,30.9073,12.2327
2015-01-09,30.3865,12.0661
2015-01-12,30.6,12.074
2015-01-13,30.0962,12.0661
2015-01-14,29.2851,11.9868
2015-01-15,28.5423,11.7885
2015-01-16,28.7558,11.9154
2015-01-20,28.9692,11.9074
2015-01-21,28.9351,11.8757
2015-01-22,28.8753,11.9233
2015-01-23,28.8155,11.8281
2015-01-26,28.7728,11.963
2015-01-27,28.5338,11.7805
2015-01-28,28.0386,11.5901
2015-01-29,28.3118,11.9027
2015-01-30,27.8508,11.7905
2015-02-02,28.2691,12.2394
2015-02-03,29.0119,12.5439
2015-02-04,30.5914,12.7203
2015-02-05,30.95,12.7043
2015-02-06,30.7366,12.7123
2015-02-09,30.7366,12.7604
2015-02-10,32.0343,12.8966
2015-02-11,32.1624,13.0249
2015-02-12,32.4612,13.113
2015-02-13,32.1197,13.0649
2015-02-17,31.7953,12.9126
2015-02-18,31.7526,12.9928
2015-02-19,32.0258,13.1691
2015-02-20,32.1453,13.1451
2015-02-23,32.1795,13.1291
2015-02-24,32.2307,13.113
2015-02-25,32.3246,13.2333
2015-02-26,32.0685,13.1291
2015-02-27,31.855,13.097
2015-03-02,32.1112,13.2814
2015-03-03,32.2734,12.9607
2015-03-04,32.077,12.8485
2015-03-05,32.1112,12.9126
2015-03-06,31.4538,12.7684
2015-03-09,32.41,12.8485
2015-03-10,32.3153,12.6001
2015-03-11,32.5133,12.6241
2015-03-12,33.0727,12.9607
2015-03-13,32.7456,12.9848
2015-03-16,33.2018,13.2172
2015-03-17,32.9522,13.1371
2015-03-18,33.1329,13.1932
2015-03-19,33.262,13.097
2015-03-20,33.4513,13.2092
2015-03-23,33.2104,13.2814
2015-03-24,32.5735,13.2733
2015-03-25,32.169,12.9688
2015-03-26,32.1432,12.8325
2015-03-27,32.1088,12.8085
2015-03-30,32.4272,12.9527
2015-03-31,32.2723,12.9367
2015-04-01,31.6183,12.7523
2015-04-02,31.4117,12.8485
2015-04-06,31.5494,12.8245
2015-04-07,30.7491,12.7443
2015-04-08,31.0761,12.8085
2015-04-09,31.231,12.7844
2015-04-10,31.472,12.8485
2015-04-13,31.3257,12.7203
2015-04-14,31.3945,12.8004
2015-04-15,31.7904,12.8806
2015-04-16,31.9109,12.7764
2015-04-17,31.5322,12.6321
2015-04-20,31.9367,12.7523
2015-04-21,31.9797,12.6802
2015-04-22,31.9797,12.7523
2015-04-23,30.9126,12.6321
2015-04-24,30.6286,12.6401
2015-04-27,30.7921,12.7443
2015-04-28,30.7405,12.8726
2015-04-29,30.5597,12.9607
2015-04-30,30.1725,12.7828
2015-05-01,30.4823,12.7908
2015-05-04,30.4651,12.7666
2015-05-05,30.1294,12.5643
2015-05-06,29.9229,12.5239
2015-05-07,30.0176,12.5481
2015-05-08,30.3962,12.6776
2015-05-11,30.3102,12.6614
2015-05-12,29.8971,12.5886
2015-05-13,29.9487,12.4672
2015-05-14,29.8196,12.354
2015-05-15,30.0434,12.5239
2015-05-18,30.1639,12.6048
2015-05-19,30.2241,12.54
2015-05-20,30.138,12.3782
2015-05-21,30.62,12.5481
2015-05-22,30.7232,12.354
2015-05-26,30.5683,12.2892
2015-05-27,30.8179,12.3944
2015-05-28,31.3171,12.3701
2015-05-29,30.9556,12.2731
2015-06-01,31.1363,12.4268
2015-06-02,31.1708,12.3459
2015-06-03,30.9298,12.2973
2015-06-04,30.5855,12.176
2015-06-05,30.2241,11.9575
2015-06-08,30.422,12.0546
2015-06-09,30.6568,12.0384
2015-06-10,30.9437,12.1598
2015-06-11,30.9089,12.3621
2015-06-12,31.048,12.3216
2015-06-15,30.8307,12.176
2015-06-16,30.9611,12.1355
2015-06-17,31.135,12.1517
2015-06-18,31.4741,12.2488
2015-06-19,31.3958,12.2245
2015-06-22,31.4654,12.2407
2015-06-23,31.561,12.3701
2015-06-24,30.5698,12.54
2015-06-25,30.1699,12.4915
2015-06-26,29.8917,12.4591
2015-06-29,28.8918,12.1517
2015-06-30,28.9787,12.1436
2015-07-01,28.7266,12.1274
2015-07-02,28.8918,12.0304
2015-07-06,28.3875,11.9656
2015-07-07,28.5701,12.0142
2015-07-08,27.1181,11.6258
2015-07-09,26.9616,11.5935
2015-07-10,27.3007,11.7148
2015-07-13,27.5442,11.8443
2015-07-14,27.6224,11.9818
2015-07-15,27.3268,11.9333
2015-07-16,26.6138,11.7876
2015-07-17,26.6486,11.8847
2015-07-20,26.5182,11.7876
2015-07-21,26.4226,11.7391
2015-07-22,26.3443,11.6663
2015-07-23,27.3877,11.82
2015-07-24,27.0051,11.642
2015-07-27,26.9964,11.7715
2015-07-28,27.2312,11.998
2015-07-29,27.7789,12.4268
2015-07-30,27.7441,12.3369
2015-07-31,27.3964,12.1163
2015-08-03,27.5442,12.2062
2015-08-04,27.405,12.1817
2015-08-05,27.4746,12.0918
2015-08-06,27.7007,12.1163
2015-08-07,27.5963,12.0918
2015-08-10,27.7702,12.247
2015-08-11,26.8051,12.0101
2015-08-12,26.8399,11.9938
2015-08-13,27.0051,12.0183
2015-08-14,27.379,12.0755
2015-08-17,27.4833,11.9938
2015-08-18,27.5702,12.1163
2015-08-19,27.5007,12.0673
2015-08-20,26.8138,11.7895
2015-08-21,25.7357,11.3238
2015-08-24,24.1707,10.7764
2015-08-25,23.7186,10.5395
2015-08-26,24.4315,10.7928
2015-08-27,24.8489,11.0787
2015-08-28,25.214,11.2258
2015-08-31,25.5966,11.332
2015-09-01,24.901,11.2094
2015-09-02,25.3966,11.332
2015-09-03,25.3097,11.3075
2015-09-04,25.1097,11.0787
2015-09-08,25.9791,11.1686
2015-09-09,25.7531,11.0542
2015-09-10,26.3965,11.2176
2015-09-11,26.5285,11.2013
2015-09-14,27.03,11.2584
2015-09-15,27.2676,11.6915
2015-09-16,27.4523,11.9611
2015-09-17,27.5491,11.9284
2015-09-18,26.8452,11.667
2015-09-21,26.942,11.6996
2015-09-22,26.4229,11.3728
2015-09-23,26.1501,11.1767
2015-09-24,25.9037,11.1522
2015-09-25,25.8774,11.0542
2015-09-28,25.1295,10.7192
2015-09-29,25.6486,10.7437
2015-09-30,26.4141,11.0869
2015-10-01,26.986,11.1686
2015-10-02,27.9187,11.43
2015-10-05,27.9451,11.5934
2015-10-06,28.3498,11.6915
2015-10-07,29.0801,12.051
2015-10-08,29.4145,12.247
2015-10-09,28.9921,12.2307
2015-10-12,29.0537,12.2389
2015-10-13,29.1505,12.2062
2015-10-14,29.3265,12.2634
2015-10-15,29.3177,12.4349
2015-10-16,29.1681,12.484
2015-10-19,29.2473,12.5493
2015-10-20,29.4585,12.5657
2015-10-21,31.1654,12.5902
2015-10-22,31.1654,12.7291
2015-10-23,31.6318,12.8026
2015-10-26,31.3854,12.8108
2015-10-27,30.7695,12.1653
2015-10-28,30.9895,12.3532
2015-10-29,30.5759,12.1552
2015-10-30,30.7167,12.2212
2015-11-02,31.2974,12.1717
2015-11-03,31.4822,12.2212
2015-11-04,31.1654,12.0892
2015-11-05,31.183,12.0232
2015-11-06,31.4558,11.9819
2015-11-09,31.3854,11.8251
2015-11-10,31.3414,11.7839
2015-11-11,31.2798,11.8086
2015-11-12,30.8751,11.5858
2015-11-13,30.1888,11.4868
2015-11-16,30.9455,11.5858
2015-11-17,30.9807,11.6766
2015-11-18,32.0805,11.9324
2015-11-19,31.799,12.0232
2015-11-20,31.9749,12.0479
2015-11-23,31.7462,12.0067
2015-11-24,31.8694,12.0067
2015-11-25,31.9749,12.0067
2015-11-27,32.0013,11.9902
2015-11-30,31.8518,11.8251
2015-12-01,31.9045,12.0149
2015-12-02,31.4382,11.7674
2015-12-03,31.2094,11.5363
2015-12-04,31.8958,11.7178
2015-12-07,31.7902,11.6518
2015-12-08,31.2182,11.528
2015-12-09,31.1918,11.462
2015-12-10,31.3502,11.5198
2015-12-11,30.4,11.2557
2015-12-14,30.2592,11.2392
2015-12-15,30.3912,11.4455
2015-12-16,31.2358,11.8499
2015-12-17,30.3203,11.5363
2015-12-18,29.9292,11.3878
2015-12-21,30.0714,11.33
2015-12-22,30.4803,11.7178
2015-12-23,30.9158,11.8499
2015-12-24,30.7558,11.8086
2015-12-28,30.6758,11.7013
2015-12-29,30.6669,11.7426
2015-12-30,30.5158,11.6931
2015-12-31,30.2314,11.6271
2016-01-04,29.6092,11.528
2016-01-05,28.8269,11.3217
2016-01-06,27.7958,10.8184
2016-01-07,26.658,10.48
2016-01-08,26.2491,10.348
2016-01-11,26.8891,10.5378
2016-01-12,26.9336,10.6038
2016-01-13,27.1025,10.0674
2016-01-14,26.9336,10.0592
2016-01-15,26.2847,9.8776
2016-01-19,26.1336,9.8611
2016-01-20,26.1513,9.8199
2016-01-21,26.2669,9.9107
2016-01-22,26.0269,10.0179
2016-01-25,25.9825,9.8859
2016-01-26,26.3558,10.117
2016-01-27,25.9647,10.1087
2016-01-28,25.7958,9.9893
2016-01-29,26.3469,10.1855
2016-02-01,26.7647,10.2964
2016-02-02,26.3558,9.8187
2016-02-03,25.7069,9.776
2016-02-04,25.458,9.8357
2016-02-05,25.3691,9.7675
2016-02-08,25.4936,9.8869
2016-02-09,24.7736,9.6822
2016-02-10,24.6313,9.6736
2016-02-11,23.9113,9.5286
2016-02-12,24.6313,9.8528
2016-02-16,25.4047,10.1258
2016-02-17,26.018,10.467
2016-02-18,25.8047,10.4585
2016-02-19,25.5825,10.322
2016-02-22,26.338,10.7144
2016-02-23,26.1158,10.5949
2016-02-24,25.6358,10.3049
2016-02-25,26.2225,10.5694
2016-02-26,26.338,10.6376
2016-02-29,26.1691,10.6717
2016-03-01,26.6758,11.1665
2016-03-02,26.8002,11.2774
2016-03-03,27.618,11.5504
2016-03-04,27.8847,11.593
2016-03-07,28.0803,11.6186
2016-03-08,27.2714,11.2859
2016-03-09,27.4847,11.2518
2016-03-10,27.7367,11.2177
2016-03-11,28.1327,11.3371
2016-03-14,28.0607,11.32
2016-03-15,27.9437,11.2859
2016-03-16,28.5196,11.5162
2016-03-17,28.7626,11.4907
2016-03-18,28.7626,11.6357
2016-03-21,28.8706,11.6527
2016-03-22,28.7086,11.593
2016-03-23,28.1777,11.3115
2016-03-24,27.8627,11.1409
2016-03-28,27.9167,11.1665
2016-03-29,28.0697,11.2603
2016-03-30,27.8897,11.3883
2016-03-31,28.2857,11.5162
2016-04-01,27.4217,11.175
2016-04-04,26.9087,10.9191
2016-04-05,26.6387,10.8935
2016-04-06,26.9447,10.9362
2016-04-07,26.4767,10.6802
2016-04-08,26.4317,10.7058
2016-04-11,26.5757,10.7997
2016-04-12,26.7377,10.9276
2016-04-13,27.7007,11.1409
2016-04-14,27.6467,11.1665
2016-04-15,27.5027,11.0385
2016-04-18,28.1777,11.303
2016-04-19,28.7716,11.4651
2016-04-20,28.9696,11.6357
2016-04-21,29.3926,11.6442
2016-04-22,28.9606,11.6101
2016-04-25,28.7536,11.5845
2016-04-26,28.9696,11.738
2016-04-27,28.9426,11.7807
2016-04-28,29.1946,12.1515
2016-04-29,28.6186,11.6944
2016-05-02,28.5736,11.7462
2016-05-03,28.1237,11.5823
2016-05-04,27.5297,11.4788
2016-05-05,27.4847,11.4875
2016-05-06,27.8627,11.591
2016-05-09,27.7007,11.4875
2016-05-10,28.2137,11.6341
2016-05-11,27.9707,11.4875
2016-05-12,28.0607,11.5133
2016-05-13,27.4667,11.4012
2016-05-16,27.6017,11.4875
2016-05-17,27.5657,11.3322
2016-05-18,27.6737,11.3495
2016-05-19,27.2867,11.2891
2016-05-20,27.5117,11.3754
2016-05-23,27.5297,11.3236
2016-05-24,27.9437,11.4616
2016-05-25,28.4836,11.66
2016-05-26,28.1597,11.6082
2016-05-27,28.2497,11.5996
2016-05-31,28.1507,11.6341
2016-06-01,27.1967,11.3064
2016-06-02,27.2327,11.3926
2016-06-03,26.6387,11.246
2016-06-06,26.9897,11.3667
2016-06-07,27.2147,11.5392
2016-06-08,26.9537,11.522
2016-06-09,26.7623,11.4357
2016-06-10,26.4888,11.2977
2016-06-13,26.5071,11.1942
2016-06-14,26.2792,11.0735
2016-06-15,26.3065,11.2201
2016-06-16,26.4524,11.315
2016-06-17,26.6438,11.4357
2016-06-20,27.0266,11.5737
2016-06-21,26.899,11.4012
2016-06-22,26.7258,11.3667
2016-06-23,27.1816,11.5565
2016-06-24,25.8417,10.7975
2016-06-27,25.076,10.4871
2016-06-28,25.2856,10.6854
2016-06-29,25.6776,10.8234
2016-06-30,25.7961,10.8407
2016-07-01,26.3339,10.97
2016-07-05,25.6776,10.694
2016-07-06,25.8872,10.8407
2016-07-07,26.1972,10.9959
2016-07-08,27.0358,11.2891
2016-07-11,27.4642,11.4443
2016-07-12,27.8926,11.5996
2016-07-13,27.9199,11.6255
2016-07-14,28.0384,11.7203
2016-07-15,28.0475,11.7031
2016-07-18,28.1387,11.7721
2016-07-19,28.4851,11.7721
2016-07-20,28.7038,11.8497
2016-07-21,29.1961,12.0049
2016-07-22,29.3146,11.9359
2016-07-25,29.2234,11.9359
2016-07-26,29.3054,12.0825
2016-07-27,29.1869,12.0651
2016-07-28,28.2481,11.08
2016-07-29,28.7494,11.0364
2016-08-01,28.5307,10.8795
2016-08-02,27.2819,10.4088
2016-08-03,27.5644,10.5744
2016-08-04,27.6556,10.5308
2016-08-05,28.0749,10.6267
2016-08-08,28.1478,10.618
2016-08-09,28.321,10.7313
2016-08-10,28.4851,10.679
2016-08-11,28.9408,10.7313
2016-08-12,28.7768,10.7488
2016-08-15,29.0411,10.8359
2016-08-16,28.9044,10.7575
2016-08-17,29.032,10.8011
2016-08-18,28.7585,10.7488
2016-08-19,29.0138,10.8011
2016-08-22,29.0502,10.7749
2016-08-23,29.0776,10.8272
2016-08-24,28.9682,10.7226
2016-08-25,28.7494,10.8708
2016-08-26,28.7403,10.7923
2016-08-29,28.9955,10.8708
2016-08-30,28.8679,10.9405
2016-08-31,29.0958,10.9841
2016-09-01,28.9864,10.8446
2016-09-02,29.3146,10.897
2016-09-06,29.2872,11.0451
2016-09-07,29.4148,11.0713
2016-09-08,29.2488,11.0975
2016-09-09,28.1143,10.7923
2016-09-12,28.7599,11.0713
2016-09-13,28.5386,10.7923
2016-09-14,28.3264,10.5831
2016-09-15,28.7046,10.557
2016-09-16,28.5662,10.557
2016-09-19,29.258,10.557
2016-09-20,29.1935,10.4611
2016-09-21,29.6178,10.5395
2016-09-22,29.876,10.618
2016-09-23,29.627,10.6093
2016-09-26,29.3318,10.4698
2016-09-27,29.1473,10.4436
2016-09-28,29.4241,10.5395
2016-09-29,29.0367,10.4349
2016-09-30,29.3041,10.5221
2016-10-03,29.5532,10.5482
2016-10-04,29.6731,10.6354
2016-10-05,30.1435,10.8795
2016-10-06,30.0052,10.8011
2016-10-07,29.8299,10.7139
2016-10-10,29.6546,10.5657
2016-10-11,29.4148,10.4524
2016-10-12,29.2211,10.4262
2016-10-13,29.0643,10.3826
2016-10-14,29.3964,10.3826
2016-10-17,29.1104,10.3565
2016-10-18,28.9629,10.3652
2016-10-19,29.3779,10.4698
2016-10-20,29.2857,10.4349
2016-10-21,29.5532,10.4785
2016-10-24,30.4202,10.6267
2016-10-25,29.1473,10.4611
2016-10-26,29.1289,10.4876
2016-10-27,28.8983,10.364
2016-10-28,28.8891,10.3463
2016-10-31,29.1473,10.364
2016-11-01,29.0367,10.2492
2016-11-02,29.009,10.0638
2016-11-03,28.6585,10.0197
2016-11-04,28.7415,10.0108
2016-11-07,29.5347,10.2227
2016-11-08,29.2672,10.1344
2016-11-09,28.557,10.2227
2016-11-10,30.1896,10.5405
2016-11-11,31.3795,10.8407
2016-11-14,30.6969,10.6465
2016-11-15,30.8353,10.6288
2016-11-16,30.6508,10.5935
2016-11-17,30.8261,10.4787
2016-11-18,30.4387,10.3816
2016-11-21,30.4479,10.4081
2016-11-22,31.1858,10.4964
2016-11-23,31.2319,10.5052
2016-11-25,31.5917,10.6288
2016-11-28,31.4072,10.5229
2016-11-29,31.8868,10.5229
2016-11-30,31.8499,10.5582
2016-12-01,33.6025,10.9731
2016-12-02,32.6616,10.8054
2016-12-05,32.5786,10.9819
2016-12-06,32.6998,11.0879
2016-12-07,33.8467,11.5292
2016-12-08,33.9586,11.5028
2016-12-09,35.1148,11.6264
2016-12-12,34.5926,11.3174
2016-12-13,34.8351,11.2732
2016-12-14,33.5203,11.0614
2016-12-15,33.7907,11.1055
2016-12-16,33.912,11.1496
2016-12-19,33.9399,11.1761
2016-12-20,34.1357,11.2821
2016-12-21,33.9586,11.1585
2016-12-22,33.2779,10.9466
2016-12-23,33.2779,10.9996
2016-12-27,33.1381,10.9378
2016-12-28,32.7744,10.8142
2016-12-29,32.7651,10.7965
2016-12-30,32.4854,10.7083
2017-01-03,32.7744,11.1143
2017-01-04,34.5833,11.6264
2017-01-05,33.9306,11.2732
2017-01-06,33.5576,11.2644
2017-01-09,33.5763,11.1496
2017-01-10,34.8257,11.3439
2017-01-11,35.3852,11.185
2017-01-12,34.9749,11.1143
2017-01-13,34.8164,11.1496
2017-01-17,34.7884,11.132
2017-01-18,34.9376,11.132
2017-01-19,34.7791,11.1499
2017-01-20,34.5087,11.0871
2017-01-23,34.173,11.0423
2017-01-24,34.4994,11.3114
2017-01-25,35.6929,11.4729
2017-01-26,34.9842,11.0961
2017-01-27,34.5087,11.2038
2017-01-30,33.8747,11.0961
2017-01-31,34.1357,11.0871
2017-02-01,33.6975,11.0513
2017-02-02,33.3152,11.0154
2017-02-03,33.8747,11.2665
2017-02-06,34.3409,11.2307
2017-02-07,32.7278,11.0692
2017-02-08,32.7651,11.1051
2017-02-09,32.7091,11.1051
2017-02-10,32.7931,11.2217
2017-02-13,33.1194,11.2665
2017-02-14,34.7232,11.3473
2017-02-15,34.574,11.3293
2017-02-16,34.5274,11.2486
2017-02-17,34.7045,11.2845
2017-02-21,35.2546,11.3832
2017-02-22,35.2826,11.3652
2017-02-23,34.7325,11.2665
2017-02-24,34.4061,11.1858
2017-02-27,34.7511,11.3562
2017-02-28,34.3502,11.2396
2017-03-01,34.9003,11.3832
2017-03-02,35.208,11.3562
2017-03-03,35.6463,11.3473
2017-03-06,35.3479,11.2307
2017-03-07,34.9842,11.1768
2017-03-08,35.1055,11.2396
2017-03-09,34.691,11.2127
2017-03-10,34.691,11.2396
2017-03-13,34.7287,11.2486
2017-03-14,34.8135,11.2576
2017-03-15,34.9359,11.3473
2017-03-16,34.9265,11.3921
2017-03-17,34.22,11.1948
2017-03-20,33.6361,11.0154
2017-03-21,32.5434,10.5131
2017-03-22,32.3927,10.5579
2017-03-23,32.2703,10.4682
2017-03-24,32.5528,10.4233
2017-03-27,32.6941,10.2798
2017-03-28,33.4948,10.4503
2017-03-29,33.4759,10.4772
2017-03-30,33.3535,10.4772
2017-03-31,33.3064,10.4413
2017-04-03,32.1855,10.2619
2017-04-04,32.2797,10.1991
2017-04-05,32.0254,10.1004
2017-04-06,32.1761,10.1094
2017-04-07,31.7522,10.0735
2017-04-10,31.9971,10.0915
2017-04-11,31.95,10.1184
2017-04-12,31.9689,10.0735
2017-04-13,31.4508,9.9659
2017-04-17,31.9312,10.1184
2017-04-18,31.7334,10.1273
2017-04-19,31.8276,10.1728
2017-04-20,32.1196,10.4273
2017-04-21,31.7899,10.3092
2017-04-24,31.9406,10.391
2017-04-25,32.0159,10.4364
2017-04-26,32.3833,10.5455
2017-04-27,32.534,10.4273
2017-04-28,32.6282,10.4273
2017-05-01,32.2138,10.3819
2017-05-02,31.2718,9.9273
2017-05-03,31.5356,10.0637
2017-05-04,31.2247,10.0001
2017-05-05,31.8087,10.1273
2017-05-08,31.9971,10.1182
2017-05-09,32.2703,10.1455
2017-05-10,32.242,10.0364
2017-05-11,32.129,10.0092
2017-05-12,31.6674,9.9273
2017-05-15,31.8558,9.9455
2017-05-16,31.4791,9.9455
2017-05-17,30.5371,9.7819
2017-05-18,30.5842,9.8091
2017-05-19,30.8197,9.8819
2017-05-22,31.0081,10.091
2017-05-23,31.2907,10.0455
2017-05-24,31.2718,9.9637
2017-05-25,30.7067,9.8728
2017-05-26,31.1494,9.9364
2017-05-30,31.5827,10.0728
2017-05-31,31.9594,10.1092
2017-06-01,32.4304,10.3728
2017-06-02,32.4492,10.3182
2017-06-05,32.4587,10.2273
2017-06-06,32.4304,10.1092
2017-06-07,32.7036,10.0637
2017-06-08,32.4845,10.091
2017-06-09,32.7036,10.1182
2017-06-12,33.0273,10.2546
2017-06-13,32.8655,10.2455
2017-06-14,32.9607,10.2001
2017-06-15,32.9512,10.2182
2017-06-16,32.6559,10.2001
2017-06-19,32.7131,10.2182
2017-06-20,32.7607,10.1092
2017-06-21,32.5036,10.0364
2017-06-22,32.5607,10.1182
2017-06-23,32.5702,10.0364
2017-06-26,32.875,10.1637
2017-06-27,32.5797,10.0728
2017-06-28,32.9321,10.0819
2017-06-29,33.1988,10.1546
2017-06-30,33.2654,10.1728
2017-07-03,33.8749,10.5092
2017-07-05,33.3416,10.2728
2017-07-06,33.2083,10.1637
2017-07-07,33.275,10.2364
2017-07-10,33.513,10.3092
2017-07-11,33.713,10.3455
2017-07-12,33.8083,10.4273
2017-07-13,34.1511,10.5455
2017-07-14,34.6178,10.6182
2017-07-17,34.6463,10.6728
2017-07-18,34.694,10.6819
2017-07-19,34.732,10.7546
2017-07-20,34.6749,10.7728
2017-07-21,34.3511,10.6163
2017-07-24,34.113,10.3953
2017-07-25,33.8749,10.3769
2017-07-26,33.9226,10.1835
2017-07-27,34.2273,10.294
2017-07-28,34.0654,10.2848
2017-07-31,34.2654,10.3308
2017-08-01,33.6178,10.0822
2017-08-02,33.1607,10.1283
2017-08-03,33.1131,10.0638
2017-08-04,33.5892,10.0822
2017-08-07,33.6178,10.0546
2017-08-08,33.7035,10.027
2017-08-09,33.5988,10.0546
2017-08-10,33.2178,9.9165
2017-08-11,33.2654,9.9165
2017-08-14,33.7797,10.0454
2017-08-15,33.8464,9.9809
2017-08-16,34.0464,9.9441
2017-08-17,33.3321,9.7968
2017-08-18,33.1702,9.7231
2017-08-21,33.2464,9.7323
2017-08-22,33.6178,9.806
2017-08-23,33.7987,9.8612
2017-08-24,33.8273,9.8612
2017-08-25,33.9035,9.9625
2017-08-28,33.8178,9.9349
2017-08-29,33.8273,9.9809
2017-08-30,34.113,10.073
2017-08-31,34.7987,10.1559
2017-09-01,35.5796,10.4505
2017-09-05,35.4558,10.4597
2017-09-06,35.8749,10.5886
2017-09-07,35.513,10.4966
2017-09-08,35.5996,10.4597
2017-09-11,35.9363,10.5058
2017-09-12,36.4559,10.6715
2017-09-13,36.7638,10.6991
2017-09-14,37.3218,10.6439
2017-09-15,37.4084,10.6991
2017-09-18,37.1294,10.7083
2017-09-19,37.2352,10.7912
2017-09-20,37.4084,10.782
2017-09-21,37.6201,10.7912
2017-09-22,37.928,10.9017
2017-09-25,38.7747,10.9938
2017-09-26,38.7362,10.9846
2017-09-27,39.0441,11.003
2017-09-28,39.0441,11.0122
2017-09-29,38.8516,11.0214
2017-10-02,40.5546,11.1319
2017-10-03,41.8054,11.3621
2017-10-04,42.1229,11.3252
2017-10-05,42.1903,11.2792
2017-10-06,43.2294,11.3344
2017-10-09,43.6143,11.3621
2017-10-10,43.4988,11.4081
2017-10-11,43.749,11.3989
2017-10-12,43.1909,11.1595
2017-10-13,44.1435,11.0951
2017-10-16,44.028,11.1595
2017-10-17,43.316,11.2976
2017-10-18,43.4122,11.224
2017-10-19,43.6335,11.2608
2017-10-20,43.8837,11.2792
2017-10-23,43.4411,11.2233
2017-10-24,44.7208,11.3631
2017-10-25,43.4122,11.2512
2017-10-26,43.5373,11.4377
2017-10-27,42.9504,11.2419
2017-10-30,41.7285,11.2792
2017-10-31,41.3532,11.4377
2017-11-01,41.4975,11.5122
2017-11-02,40.9876,11.5775
2017-11-03,40.7374,11.5216
2017-11-06,40.545,11.4936
2017-11-07,40.1217,11.3351
2017-11-08,40.5162,11.2419
2017-11-09,40.5162,11.2233
2017-11-10,41.0453,11.1953
2017-11-13,41.9209,11.3351
2017-11-14,41.3725,11.2046
2017-11-15,41.2378,11.186
2017-11-16,41.9498,11.2233
2017-11-17,42.2192,11.1953
2017-11-20,43.1813,11.3072
2017-11-21,43.2679,11.2978
2017-11-22,42.6136,11.2512
2017-11-24,42.7772,11.2792
2017-11-27,42.4982,11.2885
2017-11-28,43.2198,11.3817
2017-11-29,42.1518,11.708
2017-11-30,41.4591,11.6707
2017-12-01,41.1704,11.7266
2017-12-04,41.4206,11.7733
2017-12-05,41.18,11.5868
2017-12-06,40.5546,11.5402
2017-12-07,40.7952,11.68
2017-12-08,40.7952,11.7546
2017-12-11,40.4554,11.7266
2017-12-12,40.3195,11.7453
2017-12-13,40.1932,11.7733
2017-12-14,39.6204,11.6148
2017-12-15,39.7564,11.7266
2017-12-18,40.9214,11.8012
2017-12-19,41.2515,11.8292
2017-12-20,41.2806,11.8571
2017-12-21,40.9311,11.7733
2017-12-22,40.7952,11.7266
2017-12-26,40.5816,11.7453
2017-12-27,40.1059,11.6521
2017-12-28,40.1738,11.7266
2017-12-29,39.7952,11.6427
2018-01-02,40.5816,11.8012
2018-01-03,41.5719,11.8944
2018-01-04,42.8534,12.0995
2018-01-05,42.7272,12.3046
2018-01-08,42.9311,12.258
2018-01-09,42.766,12.1927
2018-01-10,41.7466,12.1461
2018-01-11,42.9019,12.2673
2018-01-12,42.7854,12.3326
2018-01-16,42.9019,12.2114
2018-01-17,42.7466,11.3538
2018-01-18,42.5815,11.2512
2018-01-19,41.8922,11.186
2018-01-22,42.0282,11.2046
2018-01-23,42.1155,11.1487
2018-01-24,42.8728,11.2326
2018-01-25,41.9019,10.7852
2018-01-26,42.2223,10.8597
2018-01-29,41.766,10.6267
2018-01-30,41.4554,10.5694
2018-01-31,41.1738,10.4833
2018-02-01,41.1932,10.4356
2018-02-02,39.8049,10.2349
2018-02-05,38.3875,9.7857
2018-02-06,40.6398,10.2827
2018-02-07,41.1544,10.2827
2018-02-08,39.5622,9.9673
2018-02-09,40.2515,10.0629
2018-02-12,40.7758,10.2253
2018-02-13,40.1932,10.1202
2018-02-14,40.5913,10.2635
2018-02-15,40.6301,10.2827
2018-02-16,39.8923,10.1393
2018-02-20,39.5816,10.1584
2018-02-21,39.3777,10.1298
2018-02-22,39.7175,10.1584
2018-02-23,39.7175,10.2253
2018-02-26,40.3292,10.4069
2018-02-27,38.9991,10.1393
2018-02-28,38.203,10.1393
2018-03-01,36.6885,9.8335
2018-03-02,36.339,9.9386
2018-03-05,36.6399,10.1106
2018-03-06,36.8244,10.1584
2018-03-07,36.6399,10.1584
2018-03-08,37.1059,10.1393
2018-03-09,37.1059,10.254
2018-03-12,37.0961,10.3304
2018-03-13,37.2726,10.3018
2018-03-14,36.9589,10.5311
2018-03-15,37.1157,10.5789
2018-03-16,37.204,10.6554
2018-03-19,36.292,10.5216
2018-03-20,36.1744,10.5025
2018-03-21,36.851,10.6076
2018-03-22,35.6448,10.2731
2018-03-23,34.4877,10.0915
2018-03-26,35.2918,10.3496
2018-03-27,34.1936,10.3496
2018-03-28,34.7819,10.3782
2018-03-29,35.635,10.5885
2018-04-02,35.0663,10.3782
2018-04-03,36.2234,10.6554
2018-04-04,37.2923,10.8274
2018-04-05,37.2628,10.8465
2018-04-06,36.949,10.684
2018-04-09,37.0961,10.7509
2018-04-10,38.3121,10.942
2018-04-11,38.2434,10.9229
2018-04-12,38.0767,10.8083
2018-04-13,37.9787,10.7796
2018-04-16,38.4101,10.8752
2018-04-17,38.4592,10.8752
2018-04-18,38.1748,10.8274
2018-04-19,37.0373,10.6171
2018-04-20,36.8804,10.4815
2018-04-23,36.9589,10.6946
2018-04-24,37.1942,10.6171
2018-04-25,37.3707,10.7624
2018-04-26,37.508,11.0724
2018-04-27,36.9196,11.1306
2018-04-30,36.0273,10.8884
2018-05-01,35.7135,10.9077
2018-05-02,35.4978,10.8593
2018-05-03,35.4487,10.8496
2018-05-04,35.9979,11.0046
2018-05-07,35.635,10.9852
2018-05-08,35.6252,10.9174
2018-05-09,35.5664,10.714
2018-05-10,36.4391,10.8593
2018-05-11,36.1744,10.8399
2018-05-14,35.9194,10.8303
2018-05-15,36.2234,10.869
2018-05-16,37.2923,11.0434
2018-05-17,37.557,11.1015
2018-05-18,37.0569,10.9756
2018-05-21,37.3511,11.1499
2018-05-22,37.5374,11.1596
2018-05-23,37.1157,11.0821
2018-05-24,37.6453,11.2565
2018-05-25,37.557,11.1499
2018-05-29,36.6549,11.0821
2018-05-30,37.0961,11.1887
2018-05-31,41.8717,11.1887
2018-06-01,42.362,11.3437
2018-06-04,42.9307,11.3727
2018-06-05,42.5679,11.4599
2018-06-06,43.0778,11.5955
2018-06-07,43.5289,11.6537
2018-06-08,43.7663,11.7215
2018-06-11,44.3597,11.6537
2018-06-12,43.697,11.7312
2018-06-13,43.9641,11.644
2018-06-14,43.0937,11.518
2018-06-15,43.43,11.5084
2018-06-18,43.4695,11.6149
2018-06-19,41.798,11.518
2018-06-20,41.4914,11.4987
2018-06-21,40.6705,11.3437
2018-06-22,40.7991,11.2855
2018-06-25,40.166,11.1402
2018-06-26,40.5617,11.1596
2018-06-27,39.9287,11.0627
2018-06-28,40.077,10.9271
2018-06-29,38.9693,10.7237
2018-07-02,39.0682,10.7528
2018-07-03,38.544,10.6462
2018-07-05,39.0385,10.7043
2018-07-06,38.7319,10.714
2018-07-09,39.3154,10.8496
2018-07-10,39.6517,10.8981
2018-07-11,38.8704,10.7237
2018-07-12,38.8407,10.7043
2018-07-13,38.9297,10.6365
2018-07-16,39.1275,10.5106
2018-07-17,39.5924,10.5203
2018-07-18,39.4341,10.5299
2018-07-19,38.8803,10.4815
2018-07-20,38.9693,10.375
2018-07-23,38.8407,10.2865
2018-07-24,39.0484,10.3848
2018-07-25,37.2384,10.3357
2018-07-26,36.3482,9.7167
2018-07-27,37.1197,9.756
2018-07-30,37.2582,9.8935
2018-07-31,37.4956,9.8641
2018-08-01,36.734,9.7265
2018-08-02,36.2197,9.7462
2018-08-03,37.3175,9.8641
2018-08-06,37.189,9.8542
2018-08-07,37.1692,9.9034
2018-08-08,37.2483,9.8739
2018-08-09,37.0999,9.7363
2018-08-10,36.19,9.5693
2018-08-13,35.7647,9.2942
2018-08-14,35.8043,9.3335
2018-08-15,35.5471,9.2844
2018-08-16,35.8933,9.3434
2018-08-17,35.9823,9.3827
2018-08-20,36.368,9.5497
2018-08-21,36.5065,9.6872
2018-08-22,35.735,9.5202
2018-08-23,35.2801,9.4612
2018-08-24,35.557,9.5104
2018-08-27,37.278,9.8149
2018-08-28,36.912,9.8346
2018-08-29,36.7142,9.7953
2018-08-30,35.9625,9.53
2018-08-31,35.6559,9.3139
2018-09-04,35.2108,9.3041
2018-09-05,34.9042,9.3237
2018-09-06,34.38,9.2648
2018-09-07,33.91,9.1076
2018-09-10,33.87,9.2156
2018-09-11,33.77,9.1469
2018-09-12,34.06,9.1763
2018-09-13,34.25,9.2058
2018-09-14,34.63,9.2844
2018-09-17,35.02,9.3827
2018-09-18,35.1,9.4121
2018-09-19,35.73,9.6086
2018-09-20,36.08,9.6381
2018-09-21,35.32,9.6774
2018-09-24,34.75,9.422
2018-09-25,33.55,9.2255
2018-09-26,33.73,9.1076
2018-09-27,33.67,9.0683
2018-09-28,33.67,9.0879
2018-10-01,34.2,9.1567
2018-10-02,33.3,9.0388
2018-10-03,34.0,8.97
2018-10-04,34.25,8.9897
2018-10-05,34.12,8.9602
2018-10-08,34.25,9.0977
2018-10-09,32.65,8.7932
2018-10-10,32.6,8.6654
2018-10-11,32.31,8.6556
2018-10-12,31.79,8.4886
2018-10-15,32.12,8.6556
2018-10-16,32.34,8.6458
2018-10-17,31.93,8.6065
2018-10-18,31.08,8.3609
2018-10-19,31.2,8.3511
2018-10-22,31.34,8.41
2018-10-23,32.12,8.59
2018-10-24,30.56,8.18
2018-10-25,32.0,8.99
2018-10-26,32.65,8.98
2018-10-29,33.13,9.28
2018-10-30,33.54,9.46
2018-10-31,36.59,9.55
2018-11-01,36.47,9.29
2018-11-02,36.03,9.38
2018-11-05,36.25,9.53
2018-11-06,36.46,9.54
2018-11-07,36.88,9.6
2018-11-08,36.57,9.46
2018-11-09,35.7,9.38
2018-11-12,35.69,9.49
2018-11-13,35.93,9.54
2018-11-14,35.23,9.54
2018-11-15,35.55,9.31
2018-11-16,35.58,9.085
